Title,Company's Name,Location,Duration,Stipend
HR Consultant,Chit1 Studios,"Chandigarh, Kharar, Rajpura, Mohali, Panchkula",3 Months,"₹ 8,000 - 10,000 "
Human Resources (HR),The Trading Fox,Jaipur,3 Months,"₹ 10,000 - 15,000 "
Marketing,The Grand Heritage Resorts Pune,Pune,6 Months,"₹ 6,000 - 10,000 "
Digital Marketing,International Institute Of Data Science & Technology,Mumbai,6 Months,"₹ 10,000 - 15,000 "
Category,Material Depot,Bangalore,3 Months,"₹ 12,000 - 15,000 "
CSR Platform Coordinator,SuperHuman Race Private Limited,"Mumbai, Delhi",6 Months,"₹ 9,000 - 15,000 "
UrbanTech Operations,Arealis Networks Pvt. Ltd.,Pune,3 Months,"₹ 3,000 - 5,000 "
Operations,Corporate Connections,Rajkot,3 Months,"₹ 15,000 "
Machine Learning,Nxtcode,Work from home,3 Months,"₹ 7,500 - 15,000 "
Data Analytics,Nxtcode,Work from home,3 Months,"₹ 7,500 - 15,000 "
Business Analytics,Constrilink Solutions Private Limited,Work from home,2 Months,"₹ 1,000 - 2,000 lump sum"
Search Engine Optimization (SEO),Pinacle Web India,"Thane, Navi Mumbai, Mumbai, Vashi",3 Months,"₹ 3,000 "
Data Analytics,Emoolar Technology Private Limited,Work from home,3 Months,"₹ 5,000 - 7,000 "
Market Research,Sonia P,Bangalore,6 Months,"₹ 10,000 - 20,000 "
Business Analytics,Ozibook Tech Solutions Private Limited,Work from home,3 Months,"₹ 1,000 "
Data Analytics,Ozibook Tech Solutions Private Limited,Work from home,3 Months,"₹ 1,000 "
Data Science,Aadhvik Technologies,Work from home,1 Month,"₹ 1,000 - 2,000 "
Artificial Neural Networks,Santokyo XiLab,Narsapur,2 Months,Unpaid
Digital Marketing,MerriTale,Work from home,1 Month,"₹ 2,000 "
Market Research,Muenzer Bharat,Navi Mumbai,3 Months,"₹ 8,000 - 10,000 "
Voice Artist (Local Speakers),Graveiens Eduservices Private Limited,Work from home,3 Months,"₹ 10,000 - 20,000 "
Subject Matter Expert (SME),Qodeit,Raipur,6 Months,"₹ 5,000 "
E-Commerce Catalog Management,Adeola Adesanya,Work from home,1 Month,$ 120 - 150 
Data Entry Operator,Talent Corner HR Services,Mumbai,3 Months,"₹ 15,000 lump sum"
Product & Tech Operations (AI Tools + Automation),MUHAMMED MUBASHIR,"Kozhikode, Malappuram, Nilambur, Kalikavu",1 Month,"₹ 2,000 - 3,000 "
Data Analytics,SuperTails,Bangalore,6 Months,"₹ 10,000 - 15,000 "
AI/ML Python,Tellis Technologies Private Limited,Work from home,6 Months,"₹ 5,000 - 8,000 "
Junior Financial Analyst,Talent Corner HR Services,Mumbai,3 Months,"₹ 15,000 lump sum"
E-Commerce Management,Simply Home,Jodhpur,6 Months,"₹ 10,000 "
Content & E-Commerce Management,Codeacious Technologies Private Limited,Noida,6 Months,"₹ 5,000 - 7,000 "
AI/Web App Review  (Content Writer),AppsKite,Work from home,4 Months,"₹ 3,000 - 5,000 "
Process Optimization,Krishna Consultants,Hyderabad,3 Months,"₹ 4,000 - 7,000 "
Founders Office (Fashion),SAERO,Delhi,6 Months,"₹ 10,000 - 15,000 "
Customer Insights,Krishna Consultants,Hyderabad,3 Months,"₹ 5,000 - 7,000 "
Content Writing Using AI,InstaWeb Labs Private Limited,Work from home,6 Months,"₹ 5,000 - 6,000 "
Performance Marketer,MarketingBirbal,Work from home,2 Months,"₹ 3,000 - 6,000 "
Business Analytics,UniteGrid Infocomm,Bangalore,3 Months,"₹ 5,000 "
Market Research,Garud Investment Manager,Mumbai,2 Months,"₹ 5,000 "
Ul Stack Developer (MERN/Next.js + NestJS + Generative AI),Gyde,Work from home,6 Months,"₹ 8,000 - 15,000 "
Convolutional Neural Network(CNN),International Institute Of SDGs & Public Policy Research,Work from home,3 Months,Unpaid
Business Analytics,CollegeTips Ed Tech Media Private Limited,Work from home,1 Month,"₹ 10,000 - 25,000 "
Web Scrapping,International Institute Of SDGs & Public Policy Research,Work from home,3 Months,Unpaid
Digital Marketing,Litmus Media Private Limited,Work from home,3 Months,"₹ 5,000 - 6,000 "
Machine Learning,Jivichem Synthesis Private Limited,Work from home,1 Month,"₹ 25,000 "
Machine Learning,Aadhvik Technologies,Work from home,1 Month,"₹ 1,000 - 2,000 "
Social Service,Pawzz,Work from home,1 Month,"₹ 1,500 - 15,000 "
Artificial Intelligence (AI),Nimrobo AI Pvt Ltd,Work from home,3 Months,"₹ 6,000 - 9,000 "
Business Consultant,Pawzz,Work from home,3 Weeks,"₹ 1,500 - 15,000 "
14 Days Virtual Charity Drive,Pawzz Foundation,Work from home,2 Weeks,"₹ 1,500 - 15,000 lump sum"
Junior Data Scientist For High-Growth Web3  Trading Platform,Primetrade.ai,Work from home,6 Months,"₹ 10,000 - 15,000 "
AI Agent Making,International Institute Of SDGs & Public Policy Research,Work from home,3 Months,Unpaid
Hindi Speaker,Graveiens Eduservices Private Limited,Work from home,3 Months,"₹ 10,000 - 20,000 "
Artificial Intelligence (AI),CollegeTips Ed Tech Media Private Limited,Work from home,1 Month,"₹ 10,000 - 25,000 "
Data Analytics,CollegeTips Ed Tech Media Private Limited,Work from home,1 Month,"₹ 10,000 - 25,000 "
Digital Marketing,Jivichem Synthesis Private Limited,Work from home,2 Months,"₹ 12,000 "
Operations Manager,Budding Mariners,Work from home,4 Months,"₹ 3,000 "
Internet Of Things (IoT),Techiesms,Ahmedabad,6 Months,"₹ 4,000 - 5,000 "
Research Associate,Brajdham Power Pvt. Ltd.,Jaipur,5 Months,"₹ 10,000 - 12,000 "
Machine Learning,Maxgen Technologies Private Limited,Ahmedabad,3 Months,"₹ 7,000 - 12,000 "
Search Engine Optimization (SEO),Vision My Art,Noida,6 Months,"₹ 8,000 - 10,000 "
Social Media Content Creation (Reels & YouTube Specialist),International Institute Of Data Science & Technology,Mumbai,3 Months,"₹ 10,000 - 15,000 "
Project Management,Focelite Goodness India Private Limited,"Bangalore, Karnataka",3 Months,"₹ 2,001 - 5,005 "
Data Analytics,Water Town Swim School,Work from home,4 Months,"₹ 20,000 - 40,000 "
Google Ads Expert,Codecraft IT Solutions,Work from home,4 Months,"₹ 3,200 - 7,000 "
Google Ads Creator,Codecraft IT Solutions,Work from home,4 Months,"₹ 3,500 - 8,000 "
Fundraising,Pawzz,Work from home,2 Weeks,"₹ 1,500 - 10,000 lump sum"
Business Analytics,Snapmint Credit Advisory Private Limited,Bangalore,2 Months,"₹ 30,000 - 40,000 "
Large Language Model (LLM),Renan Partners,Work from home,6 Months,"₹ 5,000 "
Digital Marketing,DR. SKILL OUTREACH PRIVATE LIMITED,"Ahmedabad, Gandhinagar",6 Months,"₹ 7,000 "
Data Analytics,Kkonnect.io,Bangalore,3 Months,"₹ 10,000 - 15,000 "
Data Analytics,Deepnexus S,Work from home,3 Months,"₹ 3,000 - 7,000 "
Email Marketing Manager,Lawtech,Work from home,3 Months,"₹ 6,000 - 8,000 "
Gujarati Speaker,Graveiens Eduservices Private Limited,Work from home,3 Months,"₹ 10,000 - 20,000 "
Digital Marketing,BEOM Commerce Private Limited,Gurgaon,3 Months,"₹ 10,000 - 20,000 "
Artificial Intelligence (AI),Jivichem Synthesis Private Limited,Work from home,1 Month,"₹ 22,000 "
Data Science,Jivichem Synthesis Private Limited,Work from home,1 Month,"₹ 22,000 "
Norcet + NCLEX Exam Content Curation,Lawtech,Work from home,3 Months,"₹ 6,000 - 8,000 "
Subject Matter Expert (SME),CloudBird Digital Private Limited,Work from home,3 Months,"₹ 8,000 "
Software Developer – AI Agent Systems,Pehchaan AI Technologies,Work from home,6 Months,"₹ 10,000 - 15,000 "
Software Development,StoryMirror Infotech Private Limited,Mumbai,4 Months,"₹ 10,000 - 40,000 "
Machine Learning,MentorBoxx,Work from home,2 Months,"₹ 10,000 "
Digital Marketing,MentorBoxx,"Chennai, Coimbatore, Delhi, Gurgaon, Lucknow, Patna, Pune, Ranchi, Hyderabad, Mumbai, Varanasi, Jaipur, Noida, Bangalore, Andhra Tharhi",2 Months,"₹ 10,000 "
Data Science,MentorBoxx,Work from home,1 Month,"₹ 10,000 "
Artificial Intelligence (AI),Nimoy.ai,Work from home,3 Months,"₹ 10,000 - 15,000 "
Search Engine Optimization (SEO),UnleashX,Gurgaon,3 Months,"₹ 15,000 - 17,000 "
Quality Assurance (Business & Technology),Solvitude,Work from home,2 Months,"₹ 3,000 - 7,000 "
Project Management,Pawzz Foundation,Work from home,1 Month,"₹ 1,500 - 15,000 "
AI Agent Development,Clink,Work from home,3 Months,"₹ 15,000 - 25,000 "
IT Consultant,Talent Corner HR Services,Mumbai,3 Months,"₹ 15,000 lump sum"
Financial Analyst,Zean Lithos And Company Private Limited,Work from home,2 Months,"₹ 9,000 - 12,000 "
Performance Marketing,Baweja Media,Work from home,6 Months,"₹ 8,000 - 10,000 "
Search Engine Optimization (SEO),Devlofox Technologies LLP,Delhi,4 Months,"₹ 2,000 "
Content Optimization,Bento Labs,Hyderabad,6 Months,"₹ 10,000 - 12,000 "
Marketing - Facebook & Google Ads,Rex Marketing,Mumbai,3 Months,"₹ 8,000 "
Machine Learning,NDFM Business World Pvt. Ltd.,Work from home,6 Weeks,"₹ 5,000 - 7,000 "
Market Research,I3RC Insights Private Limited,"Delhi, Noida",3 Months,"₹ 10,000 - 12,000 "
HR Talent Acquisition,Tata AIA Life Insurance,Mumbai,6 Months,"₹ 10,000 - 15,000 "
LLM (Large Language Model) Training,DeepThought Edutech Ventures Private Limited,Work from home,6 Months,"₹ 2,000 "
Digital Marketing,Bansal Hi-tech Systems Private Limited,Gurgaon,3 Months,"₹ 3,000 - 5,000 "
Business Research & Strategy,Ashish Sharma,Mumbai,3 Months,"₹ 12,000 - 15,000 "
Data Engineer,Talent Corner HR Services,Mumbai,3 Months,"₹ 15,000 lump sum"
Digital Marketing,Pernitty,Ahmedabad,2 Months,"₹ 8,000 - 12,000 "
Artificial Intelligence (AI),Settyl,Chennai,6 Months,"₹ 12,000 - 15,000 "
Video Editing/Making,Techways AI Technologies,Work from home,3 Months,"₹ 8,500 - 13,000 "
Data Analyst,Talent Corner HR Services,Mumbai,3 Months,"₹ 15,000 lump sum"
Artificial Intelligence (AI),HeyCloudy,Work from home,3 Months,"₹ 2,000 "
Business Strategy Analyst,Faclon,Mumbai,3 Months,"₹ 7,000 - 12,000 "
Environment Policy Research,Finovista,Delhi,4 Months,"₹ 15,000 - 15,001 "
Search Engine Optimization (SEO),Destination Experts,Delhi,4 Months,"₹ 6,000 - 10,000 "
Digital Marketing,Cherub Web Services,Work from home,3 Months,"₹ 3,000 - 7,000 "
Podcast Scriptwriter,Greater Than Educational Technologies,Hyderabad,6 Months,"₹ 15,000 - 25,000 "
Search Engine Optimization (SEO),Puraskaar NGO,Work from home,3 Months,Unpaid
Search Engine Optimization (SEO),Holiday Dost,Work from home,3 Months,"₹ 5,000 - 6,000 "
Search Engine Optimization (SEO),Neotechie Pvt Ltd,"Noida, Uttar Pradesh",6 Months,"₹ 2,000 - 2,500 "
GenAI/LLM,Resolute AI Software Private Limited,Work from home,6 Months,"₹ 5,000 - 8,000 "
Game Analyst,Underpin Services,"Delhi, Noida",6 Months,"₹ 15,000 "
Fundraising,Pawzz Foundation,Work from home,1 Month,"₹ 1,500 - 15,000 "
Social Impact,Pawzz Foundation,Work from home,1 Month,"₹ 1,500 - 15,000 "
Resource Development,Pawzz,Work from home,3 Weeks,"₹ 1,500 - 15,000 "
Marketing Associate,Pawzz,Work from home,4 Weeks,"₹ 1,500 - 15,000 "
Sales & Research- HEC,Burlington English India,"Delhi, Gurgaon",2 Months,"₹ 10,000 "
Chatbot,Talent Corner HR Services,Mumbai,3 Months,"₹ 15,000 lump sum"
AI Trainer (Bengali),Graveiens Eduservices Private Limited,Work from home,3 Months,"₹ 10,000 - 20,000 "
Travel Research & Product Testing,EnchantXP Experiences Pvt. Ltd.,Gurgaon,2 Months,"₹ 5,000 - 7,000 "
Research,Earth5R,Work from home,3 Months,Unpaid
Sales,Forward Slash Media Solutions,Kochi,2 Months,"₹ 7,000 - 9,000 "
Video Editing/Making,Health Peak,Work from home,3 Months,"₹ 12,000 "
Artificial Neural Networks,Amart Global,Work from home,6 Months,Unpaid
MarTech Strategy & Campaign Manager (Business Analyst),Attributics,Pune,6 Months,"₹ 15,000 - 20,000 "
Data Annotation,Daten & Wissen Private Limited,Mumbai,6 Months,"₹ 4,500 - 5,000 "
Market Research,AGRIFUSION TECHNOLOGIES PRIVATE LIMITED,Ahmedabad,2 Months,"₹ 4,000 - 8,000 "
Search Engine Optimization (SEO),Jain Bliss,Mumbai,4 Months,"₹ 5,000 - 7,000 "
Marketing & Social Media Intern,RAMS TRAVEL APPSUITE LLP,Bangalore,3 Months,"₹ 5,000 - 10,000 "
Animation,Dashtoon,Work from home,3 Months,"₹ 5,000 - 15,000 "
Search Engine Optimization (SEO),Adexa Pharma Private Limited,Delhi,3 Months,"₹ 4,000 - 8,000 "
Artificial Intelligence (AI),AI Certs,Work from home,5 Months,"₹ 15,000 - 20,000 "
Full Stack AI Engineer - Intern,AffinityAnswers,Work from home,6 Months,"₹ 30,000 - 35,000 "
Robotics Engineer,MiBOT Ventures India Private Limited,Chennai,4 Months,"₹ 5,000 - 7,500 "
Data Science,Emoolar Technology Private Limited,Work from home,3 Months,"₹ 5,000 - 7,000 "
Visual Design,Tcules UX Studio,Ahmedabad,6 Months,"₹ 20,000 - 30,000 "
Causal Machine Learning,International Institute Of SDGs & Public Policy Research,Work from home,3 Months,Unpaid
Sales & Digital Marketing,Upsolve,Work from home,2 Months,"₹ 18,000 - 20,000 "
Social Entrepreneurship,Pawzz Foundation,Work from home,1 Month,"₹ 1,500 - 15,000 "
Social Work,Pawzz Foundation,Work from home,1 Month,"₹ 1,500 - 15,000 "
Equity Analyst,Modani Financial Services,Jaipur,4 Months,"₹ 2,000 "
Digital Marketing Teaching Assistant,Internshala,Work from home,6 Months,"₹ 14,445 "
Full Stack Development,Louder World,Delhi,6 Months,"₹ 8,000 - 12,000 "
Data Analytics,Kyaneos Technologies Private Limited,Work from home,6 Months,"₹ 20,000 - 25,001 "
Graphic Design,Collective Artists Network,Mumbai,3 Months,"₹ 5,000 - 7,000 "
Graphic Design,IMocha,Pune,6 Months,"₹ 8,000 - 12,000 "
Full Stack Development,Oddmind Innovations,Work from home,2 Months,"₹ 5,000 - 7,500 "
Data Analytics,The Affordable Organic Store,Hyderabad,6 Months,"₹ 6,000 "
Digital Marketing,GoMechanic,Gurgaon,6 Months,"₹ 3,10,000 - 4,12,000 "
Recruitment,Pawzz,Work from home,4 Months,"₹ 7,000 - 20,000 "
Search Engine Optimization (SEO),Verve Management,Work from home,5 Months,"₹ 6,000 - 10,002 "
Data Analyst,Khilonamart,Indore,6 Months,"₹ 4,000 - 7,000 "
Business Strategy,Doodhvale,"Faridabad, Delhi, Gurgaon, Noida",2 Months,"₹ 8,000 - 15,000 "
Python Development,iTech Mission Private Limited,"Delhi, Gurgaon, Noida",6 Months,"₹ 15,000 "
Data Analytics,Jobyaari,Work from home,4 Months,"₹ 2,000 - 3,000 "
Business Development (Sales),Flybed Home,Mumbai,3 Months,"₹ 5,000 - 6,000 "
Functional Consulting- HR SaaS,Global Groupware Solutions Limited,Work from home,6 Months,"₹ 25,000 - 35,000 "
AI Trainer (Gujarati),Graveiens Eduservices Private Limited,Work from home,3 Months,"₹ 10,000 - 20,000 "
AI Trainer (Telugu),Graveiens Eduservices Private Limited,Work from home,3 Months,"₹ 10,000 - 20,000 "
AI Trainer (Tamil),Graveiens Eduservices Private Limited,Work from home,3 Months,"₹ 10,000 - 20,000 "
AI Trainer (Urdu),Graveiens Eduservices Private Limited,Work from home,3 Months,"₹ 10,000 - 20,000 "
AI Trainer (Hindi),Graveiens Eduservices Private Limited,Work from home,3 Months,"₹ 10,000 - 20,000 "
Graphic Design,Divya Tiwari,Gwalior,4 Months,"₹ 5,000 "
Digital Marketing & AI Executive,Bookgram Publishers,Work from home,3 Months,"₹ 4,000 - 7,000 lump sum"
Sales,River Mobility,Bangalore,6 Months,"₹ 15,000 - 20,000 "
Data Engineering,WiseAnalytics,Bangalore,2 Months,"₹ 2,000 - 20,000 "
Competitor Benchmarking,Petpooja,Ahmedabad,2 Months,"₹ 10,000 "
Data Analytics,WiseAnalytics,Bangalore,2 Months,"₹ 2,000 - 20,000 "
Market Research,Earth5R,Work from home,3 Months,Unpaid
Information Technology,Ksepiyas Private Limited,Work from home,2 Months,"₹ 6,000 lump sum"
Automation - Supply Chain,Heavenly Secrets Private Limited,Mumbai,6 Months,"₹ 15,000 "
Full Stack Development,WebTree Global Private Limited,Work from home,3 Months,"₹ 1,001 - 12,000 "
Youth Empowerment,Pawzz Foundation,Work from home,1 Month,"₹ 6,000 - 10,000 "
Web Development,Credex,Work from home,3 Months,"₹ 13,000 - 20,000 "
Data Visualisation,WiseAnalytics,Bangalore,2 Months,"₹ 2,000 - 20,000 "
Artificial Intelligence (AI),Step Consultancy,Work from home,6 Months,"₹ 10,000 - 20,000 "
Search Engine Optimization (SEO),Baweja Media,Work from home,6 Months,"₹ 6,000 - 8,000 "
Sales Consultant,Pawzz,Work from home,1 Month,"₹ 1,500 - 15,000 "
Product Management,Aditya Jha,Bangalore,3 Months,"₹ 20,000 - 35,000 "
E-Commerce Marketing,CALIN,Gurgaon,6 Months,"₹ 17,000 - 20,000 "
Artificial Intelligence (AI),Buddha Education Association Incorporation,Work from home,1 Month,"₹ 10,000 "
Machine Learning,Buddha Education Association Incorporation,Work from home,2 Months,"₹ 10,000 "
Data Science,WiseAnalytics,Bangalore,2 Months,"₹ 2,000 - 20,000 "
Video Editing/Making,SubSpace,Work from home,3 Months,"₹ 20,000 "
Digital Marketing,Digitopper,Delhi,3 Months,"₹ 17,000 - 30,000 "
SQL DEVELOPER,Eucloid Data Solutions Private Limited,Gurgaon,2 Months,"₹ 30,000 "
Compter Networking Research Associate,Megaminds IT Services,Work from home,6 Months,"₹ 1,000 - 10,000 "
Data Science AI&ML Python Research,Megaminds IT Services,Work from home,6 Months,"₹ 1,000 - 10,000 "
Research Associate Computer Science,Megaminds IT Services,Work from home,6 Months,"₹ 1,000 - 8,000 "
Data Annotation/Labelling (Computer Vision-Image Data),RoadMetrics,Bangalore,3 Months,"₹ 15,000 - 20,000 "
Software Development,TejTeam,Mumbai,3 Months,"₹ 5,000 - 10,000 "
Digital Marketing,Organic121 Scientific Private Limited,Gurgaon,6 Months,"₹ 10,000 - 16,000 "
Data Analytics,Nestera Realty,Work from home,2 Months,"AED 500 - 1,000 "
Marketing Manager,Talent Corner HR Services,Mumbai,3 Months,"₹ 15,000 lump sum"
Supply Chain Intern,Eat Nino Private Limited,Mumbai,3 Months,"₹ 10,000-15,000 "
Human Resources (HR),Renan Partners,Work from home,6 Months,"₹ 5,000 "
Artificial Intelligence (AI),Deepnexus S,Work from home,3 Months,"₹ 16,000 - 24,000 "
AI/ML Engineer,Maxgen Technologies Private Limited,Ahmedabad,2 Months,"₹ 7,000 - 12,000 "
Statistics,Gaba Telepsychiatry,Work from home,6 Months,$ 200 
Artificial Neural Networks,Coding Junior,Work from home,6 Months,Unpaid
ReactJS Development,BeyondChats,Work from home,5 Months,"₹ 15,000 - 25,000 "
Machine Learning,Alien Brains Private Limited,Work from home,3 Months,"₹ 3,000 - 6,000 "
Finance,Indika AI Private Limited,"Mumbai, Delhi",2 Months,"₹ 5,000 - 8,000 "
Content And Outreach Operations,CSTE International,Work from home,6 Months,"₹ 3,000 - 5,000 "
Artificial Intelligence (AI),ROBOKALAM,Warangal,3 Months,"₹ 15,500 - 40,000 lump sum"
Search Engine Optimization (SEO),Martini Spaces,Delhi,3 Months,"₹ 2,000 - 3,000 "
Machine Learning,Rythukart Private Limited,Work from home,1 Month,"₹ 1,000 - 2,000 "
SQL DEVELOPER,Rythukart Private Limited,Work from home,1 Month,"₹ 1,000 - 2,000 "
Data Science,Rythukart Private Limited,Work from home,1 Month,"₹ 1,000 - 2,000 "
Update Taker,Budding Mariners,Work from home,4 Months,"₹ 2,000 "
Full Stack Development,WorkFission,Work from home,3 Months,"₹ 8,000 - 12,000 "
Machine Learning,WIREDLEAP TECHNOLOGY PRIVATE LIMITED,Work from home,6 Months,"₹ 15,000 - 20,000 "
Software Development,OMVAD Group,Gurgaon,6 Months,"₹ 15,000 - 30,000 "
Social Media Marketing,Lawtech,Work from home,3 Months,"₹ 6,000 - 8,000 "
Content Development (English),Hooman Digital LLP,Work from home,3 Months,"₹ 10,000 - 12,000 "
AI-First Automations,CSTE International,Work from home,6 Months,"₹ 2,000 - 5,000 "
Operations Associate,Budding Mariners,Work from home,4 Months,"₹ 3,000 "
Software Development,RVSBELL Analytics Private Limited,Work from home,6 Months,"₹ 12,000 - 15,000 "
Python Development,Maxgen Technologies Private Limited,Ahmedabad,3 Months,"₹ 7,000 - 12,000 "
Artificial Intelligence (AI),International Institute Of SDGs & Public Policy Research,Work from home,6 Weeks,Unpaid
E-Commerce Marketing,Tanvi Verma,Work from home,3 Months,"₹ 1,200 - 3,500 "
Search Engine Optimization (SEO),Denary Media Private Limited,Hyderabad,6 Months,"₹ 10,000 "
Search Engine Optimization (SEO),Unwyre Solutions,Mumbai,3 Months,"₹ 7,000 - 9,000 "
Digital Marketing,Scaling Wolves,Kolkata,3 Months,"₹ 5,000 - 10,000 "
SEO Executive,QA Solvers,Varanasi,3 Months,"₹ 15,000 "
Data Analytics,Bezt Labs,Work from home,3 Months,"₹ 10,000 - 11,000 "
Teaching Assistant (Data Science),Internshala,Work from home,6 Months,"₹ 14,445 "
Animation,UPSC Confidential,Work from home,2 Months,"₹ 1,000 - 5,000 "
Product Marketing Analyst,Anq Digital Finserv Private Limited,Bangalore,3 Months,"₹ 12,000 - 20,000 "
Computer Vision,IndicVision Private Limited,Chennai,6 Months,"₹ 35,000 "
Search Engine Optimization (SEO),WebGenetik Technologies Private Limited,Work from home,3 Months,"₹ 1,000 - 5,000 "
Digital Marketing (Finance & Stock Market),Trade Brains,Bangalore,3 Months,"₹ 9,000 - 12,000 "
Entrepreneur In Residence (EIR),Credex,Work from home,3 Months,"₹ 18,000 - 30,000 "
Social Media Marketing,Scaling Wolves,Kolkata,3 Months,"₹ 5,000 - 10,000 "
Animation,UPSC Confidential,Work from home,2 Months,"₹ 1,000 - 5,000 "
Doubt Solving Expert (Statistics),KUNDUZ TECHNOLOGIES PRIVATE LIMITED,Work from home,3 Months,"₹ 5,000 - 6,000 "
Video Editing/Making,The Affordable Organic Store,Work from home,6 Months,"₹ 1,500 "
Search Engine Optimization (SEO),Seoczar IT Services Private Limited,Bhubaneswar,6 Months,"₹ 3,000 - 5,000 "
Operations Executive - Ecommerce,MHLondon,Noida,3 Months,"₹ 14,000 - 15,000 "
Program Assistant,Pawzz,Work from home,1 Month,"₹ 1,500 - 15,000 "
Data Scientist,Maxgen Technologies Private Limited,Pune,3 Months,"₹ 7,000 - 12,000 "
Animation,Schoolola Private Limited,Work from home,6 Months,"₹ 15,000 - 25,000 "
Supply Chain Management (SCM),Amlytis,Thane,3 Months,"₹ 10,000 - 25,000 "
Social Sector Marketing,Pawzz,Work from home,4 Weeks,"₹ 1,500 - 15,000 lump sum"
Executive Assistant,Pranay A,Work from home,6 Months,"₹ 10,000 - 15,000 "
Go (Golang) Development,AppVersal,Noida,2 Months,"₹ 20,000 "
Python Development,Maxgen Technologies Private Limited,Pune,3 Months,"₹ 7,000 - 12,000 "
HR Analytics Instructor,Tutedude,Work from home,1 Month,"₹ 25,000 "
MLOps Instructor,Tutedude,Work from home,1 Month,"₹ 25,000 "
Search Engine Optimization (SEO),Puraskaar Foundation,Work from home,3 Months,Unpaid
Python Mentorship,Tutedude,Work from home,3 Months,"₹ 7,000 - 8,000 "
E-Commerce,HYPERTEXT MARKETING PRIVATE LIMITED,Delhi,6 Months,"₹ 5,000 - 7,000 "
Search Engine Optimization (SEO),School Of Core AI,Gurgaon,4 Months,"₹ 8,000 - 12,000 "
"Technical Content Marketing– AI Automation (n8n, Twitter & LinkedIn)",Kishore Ganth D,Work from home,6 Months,"₹ 7,000 "
Robotics Trainer,KlassWAY,Lucknow,6 Months,"₹ 8,000 - 10,000 "
AI Innovation,Main Marshals,Lucknow,6 Months,"₹ 8,000 - 10,000 "
Research (Overseas Education),"Association For Transparency, Governance & Public Grievances",Work from home,2 Months,Unpaid
Data Science,Bezt Labs,Work from home,3 Months,"₹ 10,000 - 11,000 "
Search Engine Optimization (SEO),Odyssey,Delhi,6 Months,"₹ 9,000 - 10,000 "
Strategic Relationship Intelligence & CRM Innovation Associate,Rudram Labs,Work from home,3 Months,"₹ 10,000 "
Quant System Developer,QuantGlobal,"Delhi, Ghaziabad, Greater Noida, Noida",6 Months,"₹ 15,000 - 20,000 "
Video Editing/Making,Whilter Studios,Gurgaon,6 Months,"₹ 15,000 - 20,000 "
Business Development (Sales),NoSupplements™,Work from home,1 Month,"₹ 15,000 - 30,000 "
Business Development (Sales),Amlytis,Thane,3 Months,"₹ 10,000 - 20,000 "
Python Development,OBLYTECH INDIA PRIVATE LIMITED,Work from home,6 Months,"₹ 7,000 "
Social Media & Content Marketing  (Female Only),Eazy Peace,Work from home,6 Months,"₹ 2,000 - 3,000 "
AI Feedback Automation & Platform Integration (Full Stack + NLP),Fountainhead Prep,Work from home,2 Months,"₹ 25,000 lump sum"
Business Research,Beri Udyog Private Limited,Haryana,3 Months,"₹ 3,000 - 10,000 "
Technical Research,Big Bulls,Work from home,2 Months,"₹ 8,000 - 30,000 "
Teaching and Management,Sarvam Foundation,"Gurgaon, Delhi",3 Months,"₹ 5,000 "
Digital Marketing,SmartXaaS LLP,Noida,3 Months,"₹ 10,000 - 15,000 "
Capital Market,Big Bulls,Work from home,2 Months,"₹ 8,000 - 30,000 "
Investment Analyst,Big Bulls,Work from home,2 Months,"₹ 8,000 - 30,000 "
Research Analyst,Big Bulls,Work from home,2 Months,"₹ 8,000 - 30,000 "
Online Marketing,Pawzz Foundation,Work from home,1 Month,"₹ 1,500 - 15,000 "
Data Science,Maxgen Technologies Private Limited,Ahmedabad,2 Months,"₹ 7,000 - 12,000 "
Product Strategy Analyst,Sigaar Play,Bangalore,6 Months,"₹ 10,000 "
Software Development,Astirmind,"Ludhiana, Phagwara, Khanna",6 Months,"₹ 5,000 "
Project Management,Brave Artificial Intelligence Laboratory,Work from home,3 Months,"₹ 15,000 - 25,000 "
Data Science,Brave Artificial Intelligence Laboratory,Work from home,3 Months,"₹ 15,000 - 25,000 "
Business Development (Sales),Entertainment Quotient,Mumbai,6 Months,"₹ 10,000 - 17,000 "
Market Research,Assistnow Inc,Work from home,3 Months,"₹ 5,000 - 10,000 "
Search Engine Optimization (SEO),MoncWare Info,Ahmedabad,1 Month,"₹ 2,000 "
Data Science,Bezt Labs,Work from home,3 Months,"₹ 10,000 - 11,000 "
Research And Analysis,Krishna Consultants,Hyderabad,3 Months,"₹ 4,000 - 7,000 "
Data Analytics,Krishna Consultants,Hyderabad,3 Months,"₹ 4,000 - 7,000 "
Junior Process Analyst,Krishna Consultants,Hyderabad,3 Months,"₹ 4,000 - 7,000 "
Search Engine Optimization (SEO),Switch2us,Noida,6 Months,"₹ 6,000 - 8,000 "
Search Engine Optimization (SEO),Digigrove Digital Pvt Ltd,Gurgaon,3 Months,"₹ 7,000 - 9,000 "
Supply Chain & Logistics Operations,Evavo Wellness & Solutions LLP,Mumbai,6 Months,"₹ 7,000 - 10,000 "
Marketing,CLAP - Creative Learning Arts & Performance,Work from home,3 Months,"₹ 5,000 - 15,000 "
Software Testing,Digicians,Ahmedabad,4 Months,"₹ 5,000 - 6,500 "
AI & Machine Learning,Maxgen Technologies Private Limited,"Ahmedabad, Rajkot",3 Months,"₹ 7,000 - 12,000 "
Digital Marketing And SEO Associate,Skyingskills Edutech Pvt. Ltd.,Delhi,6 Months,"₹ 5,000 - 10,000 "
Data Scraping And Automation,Infoware,Work from home,3 Months,"₹ 5,000 - 10,000 "
Business Development (Sales),Pawzz Foundation,Work from home,4 Weeks,"₹ 1,500 - 15,000 "
Technical Recruiter (Admin),Elementals.ai,Bangalore,6 Months,"₹ 11,000 - 15,000 "
Search Engine Optimization (SEO),Webtech Evolution,Ahmedabad,3 Months,"₹ 5,000 - 6,000 "
E-Commerce Research Assistant (Dropshipping),Apex Publishing,Work from home,6 Months,"₹ 6,000 - 8,000 "
Business Research,Tenex Consultancy Services,Work from home,3 Months,"₹ 8,000 - 10,000 "
Data Analyst,Maxgen Technologies Private Limited,Pune,2 Months,"₹ 7,000 - 12,000 "
Search Engine Optimization (SEO),Digital GK,Jaipur,3 Months,"₹ 5,000 - 8,000 "
Google Ads,Enout,Gurgaon,2 Months,"₹ 10,000 - 15,000 "
Machine Learning,Aaans Services Private Limited,Work from home,3 Months,"₹ 10,000 - 30,000 "
Quant Analyst - Algorithmic Trading,CleverBharat,Work from home,6 Months,"₹ 25,000 "
Artificial Intelligence (AI),JMedia Corporation,Work from home,6 Months,"₹ 5,000 - 15,000 "
Social Media Research & Monitoring,Varahe Analytics Pvt. Ltd.,Noida,2 Months,"₹ 5,000 - 10,000 "
HR,Qapita - CapTable & ESOP Management Platform,Bangalore,6 Months,"₹ 15,000 - 20,000 "
Founders Office,Zudyog.ai,Bangalore,3 Months,"₹ 8,000 - 16,000 "
Founders Office,OPTIMUS NEXGEN WEALTH PRIVATE LIMITED,Mumbai,6 Months,"₹ 7,500 - 8,000 "
Human Resources (HR),Adisha Foundation,Delhi,6 Months,"₹ 8,000 - 12,000 "
Shopify Generalist,ThePlainsCo.,Work from home,3 Months,"₹ 5,000 - 10,000 "
Data Science,Bezt Labs,Work from home,3 Months,"₹ 10,000 - 12,000 "
Data Science,Bezt Labs,Work from home,3 Months,"₹ 10,000 - 11,000 "
Digital Marketing,Brands Jar,Pune,3 Months,"₹ 10,000 - 11,000 "
Lead Generation,Jai Mata Di Art & Creations,Work from home,3 Months,"₹ 3,000 - 5,000 lump sum"
Operations,Joveo,Bangalore,6 Months,"₹ 15,000 "
Artificial Intelligence (AI),Bezt Labs,Work from home,3 Months,"₹ 10,000 - 11,000 "
Data Science,Maxgen Technologies Private Limited,Pune,2 Months,"₹ 7,000 - 12,000 "
Python Developer,Maxgen Technologies Private Limited,"Ahmedabad, Rajkot",5 Months,"₹ 7,000 - 12,000 "
Market Research,V.D. POP & Display,Mumbai,6 Months,"₹ 10,000 - 15,000 "
Search Engine Optimization (SEO),Deepak Bhardwaj,Work from home,6 Months,"₹ 3,000 - 6,000 "
Business Development (Sales),Mantras Foundation,Kolkata,2 Weeks,Unpaid
Digital Marketing,Edit One International,Delhi,6 Months,"₹ 5,000 - 10,000 "
Export Merchandising,LIFTUP OVERSEAS,Agra,6 Months,"₹ 7,000 - 15,000 "
Image Processing (Python),Byteprolabs,Bangalore,3 Months,"₹ 15,000 - 20,000 "
Sales & Marketing,Kognivai Analytics,Work from home,6 Months,"₹ 33,000 - 75,000 "
Technical Content Creator (AI/ML Focus),Infoware,Work from home,5 Months,"₹ 8,000 - 10,000 "
Virtual Charity Drive,Pawzz,Work from home,4 Weeks,"₹ 1,500 - 15,000 lump sum"
Artificial Intelligence (AI),Infoware,Work from home,5 Months,"₹ 6,000 - 10,000 "
Artificial Intelligence (AI),Softcell Technologies Limited,Mumbai,2 Months,"₹ 24,999 - 25,000 "
Search Engine Optimization (SEO),Better,Work from home,6 Months,"₹ 8,000 - 10,000 "
Artificial Intelligence (AI),CollegeTips Ed Tech Media Private Limited,Bhopal,1 Month,"₹ 2,000 - 10,000 "
Search Engine Optimization (SEO),CSG Technosol Private Limited,Noida,3 Months,"₹ 7,500 - 7,501 "
Search Engine Optimization (SEO),Noriaz Consulting India Private Limited,"Kolkata, Thane, Navi Mumbai, Mumbai, Vashi, Panvel",6 Months,"₹ 8,000 - 10,000 "
Sales And Marketing Trainee,Innocule,Bhubaneswar,2 Months,"₹ 15,000 "
Date Researcher,Kolf & Safex,Delhi,6 Months,"₹ 18,000 "
Research & Growth,Netwale,"Kozhikode, Malappuram",3 Weeks,"₹ 500 - 1,000 "
Finance,Bezt Labs,Work from home,4 Months,"₹ 10,000 - 11,000 "
Performance Marketing,Brandshark,Bangalore,3 Months,"₹ 10,000 "
Cloud AI Inference Engineer (Scalable Real-Time AI Deployment),Syscon Electro Tech India Private Limited,Work from home,4 Months,"₹ 8,000 - 12,000 "
Artificial Intelligence (AI),Artizence,Work from home,3 Months,"₹ 5,000 - 10,000 "
Co- Founder Communication (Marketing And Sales),Madee,"Delhi, Gurgaon",6 Months,"₹ 3,000 - 10,000 "
Investment Analyst & New Brand Partnership,Nexten Brands Private Limited,Bangalore,6 Months,"₹ 10,001 - 25,000 "
Search Engine Optimization (SEO),REVES Enterprise Limited,Gurgaon,6 Months,"₹ 5,000 - 15,000 "
Sales and Outreach,Pawzz,Work from home,1 Month,"₹ 1,500 - 15,000 "
Artificial Intelligence (AI),Andaz Kumar,Work from home,3 Months,"₹ 10,000 - 18,000 "
Campus Ambassador,Pawzz,Work from home,1 Month,Performance Based
Finance,Vahan Technologies India Private Limited,Bangalore,6 Months,"₹ 20,000 - 25,000 "
Computer Vision,Edith Defence Systems Private Limited,Navi Mumbai,4 Months,"₹ 12,000 - 15,000 "
Digital Marketing,Quantazone,Work from home,3 Months,"₹ 5,000 "
Search Engine Optimization (SEO),Deepnexus S,Coimbatore,3 Months,"₹ 5,000 - 6,000 "
Artificial Intelligence (AI),Supersourcing,Indore,6 Months,"₹ 8,000 - 10,000 "
UI/UX Design,Softnerve Technology Private Limited,Work from home,6 Months,"₹ 7,000 - 15,000 "
Data Science,International Institute Of SDGs & Public Policy Research,Work from home,2 Months,Unpaid
E-Commerce Business Management,Cake Square,Chennai,3 Months,"₹ 14,000 - 28,000 "
Artificial Intelligence (AI),B3NET TECHNOLOGIES,Kolkata,3 Months,"₹ 2,000 "
AI & Data Science,Inorbvict Healthcare India Private Limited,Pune,3 Months,"₹ 3,000 - 6,000 "
Creative Design,SOLAR PUNK SPORTS PRIVATE LIMITED,Hyderabad,3 Months,"₹ 12,000 - 15,000 "
AI Agent Development,Gigin Technologies Private Limited,Bangalore,6 Months,"₹ 20,000 - 30,000 "
Business Analytics,Techdome Solutions Private Limited,"Indore, Hyderabad",6 Months,"₹ 10,000 - 15,000 "
Quality Analyst,Techdome Solutions Private Limited,"Indore, Hyderabad",6 Months,"₹ 10,000 - 15,000 "
Data Science,ApproLabs Private Limited,Chennai,6 Months,"₹ 6,000 - 15,000 "
Administration,Indian Energy Exchange Limited,Noida,6 Months,"₹ 10,000 - 15,000 "
Digital Marketing,Trade Brains,Bangalore,3 Months,"₹ 9,000 - 12,000 "
Management Trainee,HireDesigners,Noida,6 Months,"₹ 8,000 - 15,000 "
Computer Vision AIML,Techdome Solutions Private Limited,"Indore, Hyderabad",6 Months,"₹ 10,000 - 15,000 "
Artificial Intelligence (AI),Techdome Solutions Private Limited,"Indore, Hyderabad",6 Months,"₹ 10,000 - 15,000 "
Content Writing,KLM Growth & Technical Services,Raipur,3 Months,"₹ 8,000 - 10,000 "
Content Writing,KLM Growth & Technical Services,Work from home,3 Months,"₹ 8,000 - 10,000 "
Data Science/AI Engineer,Fundrev,Bangalore,6 Months,"₹ 25,000 "
Social Impact,Pawzz,Work from home,1 Month,"₹ 1,500 - 15,000 "
Graphic Design,Minimoresel Enterprises,Work from home,2 Months,"₹ 6,000 - 10,000 "
Full Stack Development,Supervaisor.AI,Work from home,5 Months,"₹ 20,000 - 35,000 "
Graphic Design & Video Editing,International Institute Of Data Science & Technology,Mumbai,3 Months,"₹ 10,001 - 20,000 "
Business Development (Sales),Atarkya Creatives,Work from home,2 Months,"₹ 10,000 - 75,000 "
Human Resources (HR),Centre For Development Communication,Jaipur,2 Months,"₹ 3,000 - 4,000 "
SEO – AI Tools,Two99,Noida,3 Months,"₹ 10,000 - 15,000 "
Digital Marketing,Endlos Innovations,Ahmedabad,6 Months,"₹ 2,000 - 5,000 "
Artificial Intelligence (AI),Elementals.ai,Bangalore,6 Months,"₹ 15,000 "
Operations,Greater Than Educational Technologies,Hyderabad,3 Months,"₹ 12,000 - 15,000 "
Data (Python & SQL),Baweja Media,Work from home,6 Months,"₹ 5,000 "
Business Analytics,1Cell.ai,Mumbai,6 Months,"₹ 12,000 "
Facebook Marketing,Meetooshop,Work from home,3 Months,"₹ 3,000 - 5,000 "
Growth Automation,Indika AI Private Limited,Work from home,2 Months,"₹ 6,000 - 10,000 "
Business News Writer And Editor,Dofin Tech Private Limited,Gurgaon,2 Months,"₹ 20,000 - 30,000 "
Fundraising,Indian Innovators Of Technology For Next Gen,Work from home,3 Months,"₹ 2,000 - 65,000 "
Junior Business Analyst,TOOTHROCKET,Pune,6 Months,"₹ 8,500 - 12,000 "
Search Engine Optimization (SEO),Ashore System Private Limited (Avion Technology),Pune,6 Months,"₹ 5,000 - 10,000 "
Brand Management,Cabswale,Jaipur,3 Months,"₹ 16,000 - 25,000 "
Market Research,My Choize,Delhi,6 Months,"₹ 15,000 - 20,000 "
Software Development,TringBox,Work from home,3 Months,"₹ 4,000 - 15,000 "
Product Management,The Design Palette,Bangalore,4 Months,"₹ 12,000 - 18,000 "
Marketing,Gerson Lehrman Group India Private Limited,Mumbai,6 Months,"₹ 10,000 - 20,000 "
Full Stack Development & Web Scraping,Digital Gimmick,Work from home,6 Months,"₹ 12,000 - 15,000 "
Content Writing,Great Learning,"Gurgaon, Bangalore",6 Months,"₹ 15,000 "
Product Operations (Data & QA Analyst),Demandlane,Work from home,6 Months,"₹ 10,000 - 16,000 "
Co-Founder,Tech Tool Wale,Work from home,6 Months,"₹ 3,000 - 5,000 "
Search Engine Optimization (SEO),NuCodex Solution,Work from home,3 Months,"₹ 1,000 "
Video Editing/Making,Orange Instruments And Engineering,Pune,1 Month,"₹ 10,000 - 15,000 "
Search Engine Optimization (SEO),Softzia,Work from home,1 Month,"₹ 1,000 - 3,000 "
Video Editing/Making,XROM,Work from home,6 Months,"₹ 5,000 - 15,000 "
Performance Marketing,Sunita Singh,Work from home,2 Months,"₹ 1,000 "
Search Engine Optimization (SEO),Impresio Studio,Noida,3 Months,"₹ 10,000 "
Backend Development- Conversational AI,Joveo,Work from home,6 Months,"₹ 50,000 "
Research & Operations,GLOBAL IC,Kolkata,1 Month,"₹ 4,000 - 6,000 "
Software Testing,OyeLabs,Work from home,6 Months,"₹ 5,000 - 10,000 "
Subject Matter Expert (SME),Grade Up Assignment,Work from home,2 Months,"₹ 10,000 - 30,000 "
Data Analyst,BXP Support And Solutions Private Limited,Bangalore,4 Months,"₹ 15,000 - 17,500 "
Google Ads,Messold Technologies,Work from home,6 Months,"₹ 7,000 - 10,000 "
Technology Lead,Resolute AI Software Private Limited,Work from home,3 Months,"₹ 10,000 "
Social Media Marketing,Deep Connection,Gurgaon,3 Months,"₹ 8,000 - 10,000 "
Data Analytics,Palk Street,Hyderabad,6 Months,"₹ 6,000 - 8,000 "
AI Automation & RPA,Aspire Infinity Solutions Pvt Ltd,Jaipur,6 Months,"₹ 8,000 - 12,000 "
Equity Analyst,Saascorp Holdings (Family Office),Mumbai,5 Months,"₹ 4,000 - 5,000 "
Research Analyst,Faff,Bangalore,2 Months,"₹ 30,000 "
Business Development (Sales),SMARRTIF AI,Delhi,3 Months,"₹ 5,000 "
Associate Consultant - AI/ML Trainer,SMARRTIF AI,Delhi,3 Months,"₹ 5,000 "
Search Engine Optimization (SEO),Aryan Jalan,"Kanpur Dehat, Kanpur",3 Months,"₹ 7,000 - 10,000 "
E-commerce (Shopify),Indian Cricket Store,Work from home,6 Months,"₹ 7,000 - 12,000 "
AI For Biotech & Bioeconomy,Energy Alternatives India,Chennai,2 Months,"₹ 15,000 - 20,000 "
Campus Ambassador,House Of Couton Private Limited,Work from home,2 Months,Performance Based
LangChain Application Development,Munshot,Work from home,6 Months,"₹ 10,000 - 10,001 "
Data Analytics,ConversAIlabs,Gurgaon,3 Months,"₹ 5,000 - 5,001 "
Video Editing/Making,7 Wolves Media,"Ahmedabad, Nadiad, Pune, Udaipur, Anand, Hyderabad, Bhopal, Mumbai, Baroda, Goa Velha, Gujarat",6 Months,"₹ 4,000 - 6,000 "
Artificial Intelligence (AI),Alphabt,"Gurgaon, Lucknow, Chennai",6 Months,"₹ 12,500 - 15,000 "
Artificial Intelligence (AI),Reach Technologies,Work from home,1 Month,"₹ 11,000 - 15,000 "
Algorithm Development,Reach Technologies,Work from home,3 Months,"₹ 8,000 - 9,000 "
Human Resources (HR),International Institute Of Data Science & Technology,Noida,3 Months,"₹ 10,000 - 15,000 "
Search Engine Optimization (SEO),Deedok It Solutions,Lucknow,3 Months,"₹ 11,000 "
Client Acquisition,StayVista,Gurgaon,6 Months,"₹ 3,000 - 5,000 "
Digital Marketing,VirtuBox Infotech Private Limited,Noida,6 Months,"₹ 12,000 - 15,000 "
Finance Operations,Enout,Gurgaon,2 Months,"₹ 8,000 - 12,000 "
Search Engine Optimization (SEO),COSGrid Systems Private Limited,Chennai,2 Months,"₹ 10,000 - 12,000 "
Search Engine Optimization (SEO),Seertree Global Services,Chennai,6 Months,"₹ 15,000 - 20,000 "
Graphic Design,Hotel Transit Private Limited - Units (T24 Retro & T24 Residency),Mumbai,3 Months,"₹ 8,000 - 12,000 "
SQL,Apex Style,Work from home,1 Month,"₹ 1,400 - 2,000 "
Machine Learning,S.S. Rana & Company,Delhi,3 Months,"₹ 4,000 - 5,000 "
Video Editor - AI Tools,Soleil Sante Prabhav (OPC) Private Limited,Work from home,6 Months,"₹ 5,000 "
Fashion Consultant,Glamanand Entertainment,Delhi,3 Months,"₹ 12,000 - 15,000 "
Data Engineering,Augrade Private Limited,Work from home,3 Months,"₹ 8,000 - 15,000 "
UX/UI Design,URE Legal Advocates,Work from home,5 Months,"₹ 1,000 "
General Management,Tagbag Cornerstone Private Limited,Work from home,6 Months,"₹ 30,000 - 50,000 "
Search Engine Optimization (SEO),Gurukul Yogashala,Rishikesh,6 Months,"₹ 8,000 - 10,000 "
Search Engine Optimization (SEO),Wheelsbingo.com,Noida,3 Months,"₹ 3,000 - 5,000 "
Subject Matter Expert (Copyediting),Solvitude,Work from home,3 Months,"₹ 5,000 - 15,000 "
Search Engine Optimization (SEO),Nextag Media,Noida,6 Months,"₹ 5,000 - 8,000 "
Search Engine Optimization (SEO),ONE GROUP DEVELOPERS,Delhi,6 Months,"₹ 3,500 - 4,000 "
MIS Data Management,YDigital,Mumbai,6 Months,"₹ 3,000 - 12,000 "
Python And AI Instructor,Rancho Labs,Work from home,3 Months,"₹ 7,000 - 7,500 "
Search Engine Optimization (SEO),Innoflint LLP,Mumbai,6 Months,"₹ 5,000 - 6,000 "
Video Editing/Making,Instorely,Work from home,6 Months,"₹ 3,000 - 5,000 "
Summer Intern- Operations,PadCare Labs,Pune,3 Months,"₹ 10,000 - 15,000 "
Business Development (Sales),Sucheta Anchaliya,Work from home,6 Months,"₹ 2,500 - 10,000 "
Accounting & Bookkeeping,Shaavi Professional Pvt Ltd,"Delhi, North West, South",5 Months,"₹ 5,000 - 10,000 "
Search Engine Optimization (SEO),Growth Escalators,Jaipur,6 Months,"₹ 5,000 - 6,000 "
Equity Research Analyst,Desvelado Advisory,Delhi,6 Months,"₹ 10,000 "
Machine Learning,Vizuara,Pune,3 Months,"₹ 20,000 - 25,000 "
Data Science,Accredian,Work from home,6 Months,"₹ 10,000 - 15,000 "
Tech & Systems Associate,Stoic Investment Managers,Faridabad,6 Months,"₹ 15,000 - 20,000 "
Product (UI/UX & Web Experiences),BeeGraphy,Delhi,3 Months,"₹ 10,000 - 12,000 "
Generative AI Engineering,RSVR Technlogies Private Limited,Work from home,6 Months,"₹ 25,000 "
Artificial Intelligence (AI),Hubnine India Private Limited,Work from home,6 Months,"₹ 8,000 - 15,000 "
AI Trainer Chemistry,Graveiens Eduservices Private Limited,Work from home,3 Months,"₹ 21,000 - 32,000 "
Business Analytics,Kota Patties,Bangalore,2 Months,"₹ 20,000 - 35,000 "
Summer Intern- Sales,PadCare Labs,Pune,3 Months,"₹ 10,000 - 15,000 "
Sales & Marketing,AuVIRA VENTURES PRIVATE LIMITED,Pondicherry,6 Months,"₹ 11,000 - 15,000 "
MIS,Zippee,Gurgaon,6 Months,"₹ 15,000 "
PowerBI/Tableau Developer,Stakeinsights Consulting Private Limited,"Faridabad, Delhi, Gurgaon, Noida",3 Months,"₹ 18,000 - 25,000 "
Video Production & AI Editing,AFD India,"Ernakulam, Cochin",2 Months,"₹ 11,000 - 15,000 "
Business Development (Sales),Dotnitron,Work from home,6 Weeks,"₹ 5,000 "
Large Language Model Researcher,ConversAIlabs,Work from home,3 Months,"₹ 5,000 - 5,001 "
Data Engineering,Renan Partners,Work from home,6 Months,"₹ 5,000 "
Subject Matter Expert (SME),Final Round AI,Work from home,2 Months,"₹ 15,000 - 18,000 "
Artificial Intelligence (AI),Digital Heroes,Work from home,1 Month,"₹ 2,000 "
Computer Vision,Indika AI Private Limited,"Delhi, Noida",2 Months,"₹ 8,000 - 12,000 "
JavaScript Development,W3Dev,Work from home,6 Months,"₹ 5,000 - 8,000 "
Search Engine Optimization (SEO),Techcanvass,"Thane, Mumbai, Panvel",6 Months,"₹ 12,000 "
Marketing,Avkalan.ai,Work from home,6 Months,"₹ 10,000 "
Junior Business Analyst/Jr. Operations Analyst (AI Projects),Vsure Consultancy Services,Navi Mumbai,6 Months,"₹ 10,000 - 15,000 "
Digital Marketing,Avi Sharma,Work from home,3 Months,"₹ 10,000 "
Market Research,Eduqe Learning LLP,Noida,3 Months,"₹ 10,000 - 35,000 "
Search Engine Optimization (SEO),IGlobalizer Digital Agency,"Delhi, Noida",6 Months,"₹ 3,500 - 4,000 "
Software Development And Testing Automation (Multi Technology),Login2Xplore,Work from home,3 Months,"₹ 6,000 - 7,500 lump sum"
Market Research,Fashion Accessories India Private Limited,Work from home,2 Months,"₹ 7,500 - 12,000 "
AI Video Content Creation,Soni Consultancy,Work from home,6 Months,"₹ 2,000 - 10,000 "
LLM Engineer,Velozity Global Solutions,Work from home,6 Months,"₹ 20,000 - 30,000 "
ALT TEXT Writer (Life Sciences),Solvitude,Work from home,3 Months,"₹ 5,000 - 15,000 "
ALT TEXT Writer (Mechanical Engineering),Solvitude,Work from home,3 Months,"₹ 6,000 - 15,000 "
ALT TEXT Writer (Engineering),Solvitude,Work from home,3 Months,"₹ 8,000 - 15,000 "
Data Analytics,PixaBeam Digital Services,Work from home,6 Months,"₹ 2,000 - 3,000 "
Alt Text Writer,Solvitude,Work from home,3 Months,"₹ 8,000 - 15,000 "
Computer Vision,Countai Private Limited,Coimbatore,6 Months,"₹ 10,000 "
Business Development (Sales),Cordly AI,Work from home,2 Months,"₹ 10,000 - 15,000 "
Business Development (Sales),India In Pixels,Work from home,2 Months,"₹ 15,000 - 30,000 "
Search Engine Optimization (SEO),Sevencore Techstack Pvt. Ltd.,Ahmedabad,6 Months,"₹ 7,000 "
Business Development (Sales),Jaipur SEO Company,Jaipur,3 Months,"₹ 5,000 - 15,000 "
Business Development,NestAway Technologies Private Limited,Bangalore,6 Months,"₹ 20,000 - 21,000 "
Web Development & UI Design,The Lean Guy Show,Work from home,6 Months,"₹ 1,001 - 10,000 "
ChatGPT Gemini Deepseek Content Specialist (Technical Text Image Video),Innovation99,Bangalore,3 Months,"₹ 15,000 "
Operations,AppsForBharat,Bangalore,4 Months,"₹ 20,000 - 25,000 "
Digital Marketing,Steen Enterprise,Work from home,3 Months,"₹ 2,500 - 5,000 "
React JS Backend Developer & Gen AI,International Institute Of SDGs & Public Policy Research,Work from home,3 Months,Unpaid
Retail AM,LimeTray,Gurgaon,3 Months,"₹ 10,000 "
Curriculum Developer – ELA & Logic,Kayno World Education Private Limited,Work from home,2 Months,"₹ 5,000 - 12,000 "
Accounting,SwopStore,Noida,3 Months,"₹ 5,000 - 15,000 "
AI Automation & Agent Engineering Research,Kishore Ganth D,Work from home,3 Months,"₹ 8,000 "
Business Analytics,MHLondon,Noida,4 Months,"₹ 14,000 - 15,000 "
Social Media Marketing,French  Kalike,Work from home,2 Weeks,"₹ 6,000 - 7,500 "
Artificial Neural Networks Technical Writer,SKILL GEEK PRIVATE LIMITED,Work from home,3 Months,"₹ 25,000 - 50,000 "
Python Development,Nindo Education LLP,Work from home,2 Months,"₹ 4,000 - 8,000 "
Business Development (Sales),Cordly AI,Bangalore,2 Months,"₹ 10,000 - 15,000 "
HR Consultant,Garg Residency Private Limited,Work from home,6 Months,"₹ 5,500 - 20,000 "
Finance & Accounting,Finflock Systems Private Limited,Work from home,6 Months,"₹ 12,000 - 60,000 "
Artificial Intelligence (AI),Kots Daily Services Private Limited,Bangalore,6 Months,"₹ 21,000 "
Machine Learning,Pb Holotech India Pvt Ltd,"Howrah, Kanajuli",6 Months,"₹ 9,009 - 17,000 "
Digital Marketing,DataToBiz,Work from home,6 Months,"₹ 10,000 - 12,000 "
Financial Technical Analysis (Intraday Trading),Trader For Tomorrow,Work from home,2 Months,"₹ 19,000 "
3D Animation Video Editing,Kusum Sharma,Work from home,6 Months,"₹ 6,000 - 8,000 "
Future Of Work Research Internship,Multiverz,Work from home,3 Months,"$ 1,000 lump sum"
Marketing & E-commerce,RaasRani,Kolkata,6 Months,"₹ 3,000 "
AI,Bipolar Factory,Work from home,3 Months,"₹ 20,000 - 30,000 "
Generative AI,RealtyAI,Work from home,4 Months,"₹ 1,001 - 7,501 "
Market Research,Foodcow,"Chennai, Ramapuram",3 Months,"₹ 6,000 - 8,000 "
Business Development (Sales),7P Digital Services,Gurgaon,3 Months,"₹ 5,000 - 15,000 "
Growth Marketing,Tacheon,Chennai,3 Months,"₹ 8,000 - 12,000 "
Machine Learning,Anubrain Technology Private Limited,Work from home,3 Months,"₹ 3,000 - 5,000 "
Data Science,TechWorksLab Private Limited,Belgaum,6 Months,"₹ 2,000 - 10,000 "
Software Development,Factifi,Work from home,3 Months,"₹ 1,000 - 20,000 "
Digital Marketing - SEO & SEM,AMP Digital,Work from home,6 Months,"₹ 10,000 "
Artificial Intelligence (AI),COSGrid Systems Private Limited,Chennai,5 Months,"₹ 15,000 - 25,000 "
Cyber Security,COSGrid Systems Private Limited,Chennai,5 Months,"₹ 15,000 - 25,000 "
Digital Marketing,AKS Facilities,"Gurgaon, Dwarka",6 Months,"₹ 5,000 - 10,000 "
Artificial Intelligence (AI),Cabswale,Jaipur,6 Months,"₹ 16,000 - 25,000 "
Export Merchandising,M-Core Industries Private Limited,"Sonipat, Kundli",6 Months,"₹ 15,000 "
Artificial Intelligence (AI),Lateral Works Studio,Vasai,6 Months,"₹ 5,000 - 10,000 "
Illustrator,Quillcraft Contents Pvt Ltd,Work from home,3 Months,"₹ 8,000 - 10,000 "
Search Engine Optimization (SEO),Brightrays,"Delhi, Noida",3 Months,"₹ 15,000 "
Entry-Level Data Analytics Role,EY,"Ahmedabad, Mumbai",3 Months,Not provided
Business Analyst Intern,McKinsey & Company,"Chennai, Gurgaon, Mumbai, Bangalore",3 Months,Not provided
Research,ADOBE,Bangalore,2 Months,Not provided
Business Analytics,McKinsey & Company,"Chennai, Gurgaon, Mumbai",2 Months,Not provided
Corporate Functions Track,Nestlé,India,8 Weeks,Not provided
"NTUG 6M H2 – By Invite Only, Amazon University Talent Acquisition",Amazon,Bengaluru,Not Provided,Not provided
Market Research,ADOBE,Bengaluru,Not Provided,Not provided
Fund Services - Portfolio Analytics,Morgan Stanely,Mumbai,6 Months,Not provided
Fund Services,Morgan Stanely,Bengaluru,6 Months,Not provided
Fixed Income Research,Morgan Stanely,Mumbai,6 Months,Not provided
PNP Intern Performance,Intel,Bengaluru,Not Provided,Not provided
